LAD23CD,borough_total_area,borough_area_covered,area_coverage_rate,borough_total_area_km2,borough_area_covered_km2,borough_pop,cov_pop,coverage_rate,pop_density_km2,served_pop_density_km2,served_pop_over_total_km2,cov_pop_share
E06000001,93289508.55652036,39706714.7094518,0.4256289407441256,93.28950855652036,39.7067147094518,90624.0,81852.73508303489,0.9032125605031216,971.4275635303038,2061.433077049576,877.4055769995144,0.9032125605031216
E06000002,42310611.65323347,35279384.5367804,0.8338188260174744,42.310611653233465,35.279384536780405,132109.0,126664.4250508246,0.9587872518210312,3122.360912263105,3590.3241146049763,2993.67983826215,0.9587872518210312
E06000003,244853522.2168867,76036498.23617834,0.3105387153419284,244.8535222168867,76.03649823617833,136605.0,109103.51531824873,0.7986787842190894,557.9049823877879,1434.8834816059039,445.586873043251,0.7986787842190896
E06000004,196045303.6207076,89053314.16948435,0.4542486482704906,196.0453036207076,89.05331416948435,182708.0,165053.5216731748,0.903373260465742,931.968257467103,1853.4236845924509,841.915203398633,0.9033732604657421
E06000005,194123791.4029439,52116062.09473116,0.2684681857802454,194.1237914029439,52.11606209473116,100673.0,89043.38834111039,0.8844813240999115,518.6020697021751,1708.559410710206,458.6938452911343,0.8844813240999115
E06000006,77986600.01283447,51994402.10133504,0.6667094358874239,77.98660001283447,51.99440210133504,126019.0,106983.64407842272,0.8489485242576335,1615.9058091936397,2057.599275204969,1371.8208520542776,0.8489485242576335
E06000007,176281106.36271966,127193532.56663074,0.7215380887439785,176.28110636271967,127.19353256663074,197670.0,166070.7936800779,0.8401416182530375,1121.3340106526794,1305.6543861071018,942.0793703119108,0.8401416182530375
E06000008,137051151.54388696,32511559.71000047,0.2372220834612215,137.05115154388696,32.511559710000476,154954.0,116578.74729782956,0.7523442266597156,1130.6289531641048,3585.762982080808,850.6221654073321,0.7523442266597155
E06000009,34906154.0873369,27849125.668149352,0.7978285318534228,34.9061540873369,27.84912566814935,140976.0,127176.35191876673,0.9021134939192964,4038.7147678106035,4566.619197823381,3643.3790901330835,0.9021134939192964
E06000010,67003888.67756934,62873503.06234129,0.9383560313177648,67.00388867756934,62.873503062341285,248846.0,241285.66440575893,0.9696184162323644,3713.9038481404637,3837.6367253867775,3601.0695672732395,0.9696184162323643
E06000011,2328382399.8008957,126371234.54074176,0.0542742612001997,2328.3823998008957,126.37123454074175,329359.0,159010.87287419758,0.4827889108061343,141.45399829004208,1258.283765700911,68.2924217636222,0.4827889108061343
E06000012,174447734.33866325,69769955.4291178,0.3999476157923051,174.44773433866325,69.7699554291178,142437.0,128706.38633476182,0.9036021984088533,816.5024357580972,1844.7250760468091,737.7933959572,0.9036021984088531
E06000013,845175792.3724676,143954601.3133351,0.1703250407932821,845.1757923724676,143.9546013133351,165905.0,92879.35083711674,0.5598345489112247,196.29644092655926,645.198902916297,109.89352945899917,0.5598345489112247
E06000014,265679799.96641248,58337516.90601402,0.2195782927922601,265.6797999664125,58.33751690601402,198770.0,150391.0560359739,0.7566084219750158,748.1562392968103,2577.9475029467712,566.061311605122,0.7566084219750158
E06000015,77133742.46056543,63288571.42399121,0.8205043526359096,77.13374246056543,63.28857142399121,258132.0,234326.0784130616,0.9077761703820588,3346.5509615583583,3702.502255000088,3037.919215871843,0.9077761703820588
E06000016,66408474.3578967,56766146.96302623,0.8548027569056194,66.4084743578967,56.76614696302623,334933.0,317385.88401272084,0.9476100713059652,5043.528002088077,5591.11197417442,4779.297929692315,0.9476100713059652
E06000017,387306134.0808717,30470193.58903264,0.0786721172421976,387.3061340808716,30.47019358903264,34571.0,7211.676405102101,0.2086047960748055,89.26014064311563,236.67970418467746,18.620093436465595,0.2086047960748055
E06000018,70045290.75304888,62704407.450619735,0.8951980465280656,70.04529075304889,62.70440745061973,294955.0,284102.53739308263,0.9632063785766732,4210.9183476715225,4530.822456408919,4055.9834121427557,0.9632063785766731
E06000019,2167564910.852469,56252838.83821755,0.0259520896267388,2167.564910852469,56.25283883821755,184408.0,71283.87328196524,0.3865552106305867,85.0761142500112,1267.2049047511496,32.88661526354494,0.38655521063058673
E06000020,283159386.04443026,54701693.29245048,0.1931834012518564,283.1593860444303,54.70169329245048,167625.0,115415.84864640656,0.6885360098219631,591.9810829569255,2109.9136370306,407.6002927492461,0.6885360098219631
E06000021,87748251.14730303,64577875.28520981,0.735944870021431,87.74825114730302,64.57787528520981,246264.0,206219.64265018067,0.8373925650934796,2806.4832834855765,3193.3482131365645,2350.1282356499582,0.8373925650934796
E06000022,314190087.5958811,127693271.4800988,0.4064204331116294,314.1900875958811,127.6932714800988,182297.0,153377.21949770473,0.8413589883415785,580.2124484413233,1201.137833809895,488.166958643782,0.8413589883415785
E06000023,107813142.00106312,107112725.08715738,0.9935034180350776,107.81314200106311,107.1127250871574,457431.0,457054.60646044347,0.9991771577799567,4242.8129957986885,4267.043024893065,4239.3218301339975,0.9991771577799569
E06000024,355353669.4001523,136051163.04900396,0.3828612865561862,355.35366940015234,136.05116304900395,206689.0,162312.30524431367,0.7852972593815524,581.6430722353233,1193.02401836764,456.76271056466567,0.7852972593815524
E06000025,477441871.70072025,157634714.0022539,0.3301652480557165,477.44187170072024,157.6347140022539,262144.0,223256.12636271343,0.8516545347698725,549.059509728804,1416.2878257864018,467.6090213190588,0.8516545347698724
E06000026,74461080.18632835,65095927.388169125,0.8742275457900389,74.46108018632835,65.09592738816913,256725.0,242509.84499808817,0.9446288635625208,3447.7743185779996,3725.4226912229715,3256.8671363783806,0.9446288635625208
E06000027,57709968.717070535,39239066.90003503,0.6799356813449141,57.70996871707054,39.239066900035034,133396.0,121178.28268824864,0.9084101673831948,2311.4897298591263,3088.2050023503602,2099.7807724058644,0.9084101673831947
E06000030,174439051.1312841,50049464.53515193,0.2869166291066576,174.4390511312841,50.04946453515193,210994.0,174947.89477696433,0.8291605200951891,1209.5571412000195,3495.4998300549405,1002.9170282822582,0.8291605200951891
E06000031,326851739.857792,100861047.11723062,0.3085834793509548,326.85173985779204,100.86104711723064,191400.0,172931.7960711952,0.9035099063280836,585.5866029144439,1714.5548357255982,529.08329674621,0.9035099063280836
E06000032,42293708.698816605,41509635.65272448,0.9814612369022616,42.2937086988166,41.50963565272448,214253.0,213333.70249987792,0.9957092899510296,5065.836186789524,5139.377861194882,5044.100152556427,0.9957092899510295
E06000033,41397494.03604261,38192385.6812384,0.922577237356114,41.39749403604261,38.1923856812384,177406.0,174440.26626662837,0.9832827878799384,4285.428481384452,4567.4095282379885,4213.788064435796,0.9832827878799385
E06000034,154921381.61040533,66205118.01232809,0.4273465503865698,154.92138161040532,66.20511801232809,168480.0,144405.9331654264,0.8571102395858642,1087.5193485150537,2181.189876265102,932.1239693600005,0.8571102395858642
E06000035,185347979.81906825,57108009.88417742,0.3081123945344574,185.34797981906823,57.10800988417741,259647.0,219016.8295726369,0.8435176588700694,1400.8623145148952,3835.133285450359,1181.652099938911,0.8435176588700694
E06000036,79009977.52667966,25903232.991389636,0.3278476187724869,79.00997752667966,25.903232991389636,105751.0,82580.23237767094,0.7808931582459829,1338.4512097132363,3188.028011990666,1045.1873923111254,0.7808931582459829
E06000037,683041313.9618673,46094455.65470196,0.0674841399963623,683.0413139618673,46.09445565470196,151280.0,75172.83806370986,0.4969119385491133,221.48001432376844,1630.8433844373146,110.05606326750916,0.4969119385491133
E06000038,37026177.27913329,28629382.25108766,0.7732200393050627,37.02617727913329,28.629382251087662,165239.0,142144.41576177685,0.8602352698925608,4462.761541767995,4964.983684074309,3839.024879348932,0.8602352698925608
E06000039,30079255.15691716,22309620.836780116,0.7416945905207927,30.079255156917164,22.309620836780116,145369.0,127736.57383447948,0.8787057339218091,4832.865682399395,5725.627287393887,4246.666786398286,0.8787057339218092
E06000040,198393557.91004735,46013642.95694934,0.231931134466635,198.39355791004735,46.01364295694934,153922.0,97012.8353776432,0.6302727055108639,775.8417240028984,2108.3493751713822,488.9918624355198,0.630272705510864
E06000041,124313440.50451508,37923203.2295236,0.3050611669632475,124.31344050451509,37.9232032295236,150405.0,97559.50594616465,0.6486453638254356,1209.8852657411348,2572.5544689804465,784.7864683836923,0.6486453638254356
E06000042,266752597.7788944,99959816.40507364,0.3747285583622627,266.7525977788944,99.95981640507362,246972.0,225306.39614605196,0.912275060112288,925.8466536273804,2253.969687509512,844.626811592679,0.9122750601122879
E06000043,82813695.10460344,42666013.518461876,0.5152048035602044,82.81369510460344,42.666013518461874,276454.0,240169.44282049537,0.8687501096764575,3338.2642768301316,5629.057486623924,2900.1174566251766,0.8687501096764575
E06000044,40339020.8190955,34163644.54963254,0.8469130845501415,40.3390208190955,34.163644549632544,207119.0,195824.8799378932,0.9454703814613492,5134.45779779451,5731.966905738089,4854.477772677975,0.9454703814613492
E06000045,47641972.80330735,44000452.08864717,0.9235648630736932,47.64197280330735,44.00045208864717,236467.0,226459.41870103992,0.9576787403783188,4963.417467539973,5146.752088928425,4753.359388285427,0.9576787403783188
E06000046,380245683.49545974,50547945.92295343,0.1329349631487848,380.2456834954598,50.547945922953424,140885.0,75356.88510793727,0.5348822451498546,370.51045183444455,1490.8001449316716,198.17946232869477,0.5348822451498546
E06000047,1876593923.5631092,306089645.74661326,0.1631091531861286,1876.5939235631092,306.08964574661326,480020.0,318928.6774420927,0.6644070610434829,255.79321875271813,1041.9453316173517,169.95082070634618,0.6644070610434829
E06000049,884371166.135912,116769955.35330696,0.132037271028985,884.371166135912,116.76995535330695,369183.0,230662.2761022839,0.6247911634671258,417.45255175275946,1975.3563783113282,260.8206655019271,0.6247911634671258
E06000050,899746595.8935804,105341962.93722166,0.117079590429127,899.7465958935804,105.34196293722168,334045.0,196679.7315630756,0.5887821448100573,371.26564470993554,1867.0596795342276,218.59458258660456,0.5887821448100573
E06000051,2781664401.112321,84439100.19964808,0.0303556029857098,2781.664401112321,84.43910019964808,298831.0,112339.3892288578,0.3759295027251449,107.4288472327951,1330.419070824324,40.385673118560234,0.375929502725145
E06000052,3474786024.990203,313945479.1802332,0.0903495861104478,3474.786024990203,313.9454791802332,537699.0,264092.1096789492,0.4911523169634855,154.74305356731026,841.2037350196604,76.00240929358917,0.4911523169634855
E06000053,16387456.763571396,1202588.2573898388,0.0733846791933657,16.387456763571397,1.2025882573898388,2271.0,166.65660644813366,0.0733846791933657,138.58160132866584,138.58160132866587,10.169766355607054,0.07338467919336576
E06000054,3029839515.085922,454642021.37030673,0.1500548194406309,3029.839515085922,454.64202137030674,452785.0,274011.57546599343,0.605169286672468,149.44190863757998,602.6974247565438,90.43765324917642,0.605169286672468
E06000055,407456528.9644188,73232504.49687795,0.1797308406936166,407.4565289644189,73.23250449687795,149866.0,116484.25867788952,0.7772560732780587,367.8085620100274,1590.6086986667988,285.8814386259632,0.7772560732780586
E06000056,596259089.5525147,119041443.98398373,0.1996471769903296,596.2590895525146,119.04144398398373,252285.0,144485.43610956654,0.5727072006245577,423.11304669474623,1213.7406206951432,242.31988852027587,0.5727072006245577
E06000057,4866177953.204683,217420380.2943723,0.044679907390396,4866.177953204683,217.42038029437228,307687.0,185719.99316438093,0.6036003898909637,63.229705727750634,854.1977201627961,38.16547502996118,0.6036003898909637
E06000058,157596715.81135297,126874540.13344242,0.8050582747251807,157.59671581135296,126.87454013344242,379199.0,371669.95598163863,0.9801448737513512,2406.1351662550524,2929.428990171933,2358.361048757745,0.9801448737513512
E06000059,2431594753.790732,391481644.67070925,0.1609978982149099,2431.594753790732,391.4816446707093,362669.0,230190.66193498197,0.6347128150875371,149.14861920746358,587.9986075173574,94.6665399635883,0.6347128150875371
E06000060,1424377826.4059403,181628643.951904,0.1275143719487674,1424.3778264059406,181.628643951904,515883.0,272561.48970195994,0.5283397392469997,362.18129097228444,1500.6525610252056,191.35476883243848,0.5283397392469997
E06000061,945548891.6070772,167239718.50749776,0.1768705140389443,945.5488916070772,167.23971850749777,328476.0,242257.2983867959,0.7375190223541322,347.3918725045666,1448.563179541198,256.20811418333926,0.7375190223541321
E06000062,1328834458.031227,195167093.5881147,0.1468708855407544,1328.834458031227,195.1670935881147,390935.0,278034.8696434383,0.7112048541149765,294.19390627422547,1424.599119307529,209.23213419327556,0.7112048541149765
E06000063,2858954731.574578,78111122.0904528,0.0273215665948767,2858.9547315745776,78.11112209045281,260174.0,111832.0109893524,0.4298354600742288,91.00318977653362,1431.7040646254031,39.11639794581868,0.4298354600742288
E06000064,3773375539.085058,66474517.08193026,0.0176167244403265,3773.3755390850583,66.47451708193026,217398.0,83444.75410227272,0.3838340467818136,57.61366652965401,1255.2893614770685,22.114086774015032,0.38383404678181365
E06000065,7855496863.5298815,239554802.7756735,0.0304951815190502,7855.496863529882,239.55480277567355,568333.0,222345.026248346,0.391223149541459,72.3484471922529,928.1593341985996,28.304387374987105,0.391223149541459
E06000066,3333905207.317144,459079975.6226509,0.1377003685093017,3333.905207317144,459.0799756226509,531988.0,317329.151416977,0.5964968221406818,159.56902398796777,691.2284749222244,95.182415720913,0.5964968221406818
E07000008,26543391.37289628,22342442.86232027,0.8417327894706914,26.54339137289628,22.34244286232027,100404.0,96072.08815772788,0.9568551866233208,3782.6364607848686,4299.9813740040945,3619.435316612482,0.9568551866233206
E07000009,644504187.3538343,57500758.73689994,0.0892170444585985,644.5041873538343,57.50075873689994,79882.0,23167.202728066004,0.2900178103711224,123.94333747927165,402.90255706137185,35.94577534582744,0.29001781037112245
E07000010,539716933.7806658,97048902.45568874,0.1798144478733887,539.7169337806657,97.04890245568876,99660.0,60084.68513117405,0.6028967000920534,184.6523497083762,619.1176160761623,111.32629230342386,0.6028967000920534
E07000011,833846349.8251678,110255496.0167154,0.1322251947733927,833.8463498251677,110.2554960167154,164484.0,91158.0251478565,0.5542060330965717,197.25936323219176,826.7889442358174,109.32232918806874,0.5542060330965717
E07000012,882652566.2545116,132681595.92296226,0.1503214299664809,882.6525662545116,132.68159592296226,150681.0,56315.09784691393,0.373737218673316,170.71382983613435,424.4378992819145,63.80211195202661,0.373737218673316
E07000032,214994677.71494287,35414188.11189601,0.1647212316523061,214.99467771494287,35.41418811189601,122401.0,56634.18706830302,0.4626938265888597,569.3210701815095,1599.1948449971378,263.4213445199474,0.4626938265888597
E07000033,154421063.8961965,23152751.551142905,0.1499325996530268,154.4210638961965,23.152751551142902,74612.0,30090.39073237013,0.4032915714948015,483.17242555818024,1299.6464228410364,194.85936680631352,0.40329157149480155
E07000034,66029978.261885986,39273557.22803462,0.5947837370515117,66.02997826188599,39.273557228034626,103673.0,84608.80407885702,0.8161122382766682,1570.0898702225143,2154.3453165597325,1281.3695582828195,0.8161122382766682
E07000035,795430757.2408166,24808010.400684234,0.0311881457623515,795.4307572408165,24.808010400684235,71659.0,12258.85902762231,0.1710721476384307,90.08829410691904,494.14922154677083,15.411597949953224,0.17107214763843076
E07000036,109623749.75620228,31181016.480552573,0.284436689585036,109.62374975620229,31.18101648055257,113039.0,72339.48619382671,0.6399515759501297,1031.1542913957337,2319.984861267895,659.888813826439,0.6399515759501297
E07000037,540207614.5140855,25091043.575403932,0.0464470379559037,540.2076145140855,25.091043575403933,91079.0,36882.136159341055,0.4049466524593051,168.59999295257097,1469.9323305745484,68.27400275080606,0.40494665245930517
E07000038,274652469.4454515,35889058.0813908,0.130670800644371,274.6524694454515,35.8890580813908,99795.0,40775.937046448315,0.4085969943028039,363.3500918506039,1136.1662642127535,148.4637554098045,0.4085969943028039
E07000039,326281298.9303007,29611353.58053223,0.090754063066476,326.2812989303007,29.611353580532235,94380.0,37054.03114454151,0.3926046953225419,289.25960608046125,1251.3454018158227,113.56467951433798,0.39260469532254194
E07000040,756144750.8237848,79212453.63237642,0.1047583198138691,756.1447508237849,79.21245363237642,135303.0,69453.45399011807,0.5133179160116041,178.93796108826203,876.7996799146041,91.85206128119216,0.5133179160116041
E07000041,38099231.27686908,31547694.34715747,0.8280401805983629,38.09923127686909,31.54769434715747,113608.0,107685.82322550433,0.9478718331940033,2981.897434475902,3413.429268095058,2826.4565876131687,0.9478718331940033
E07000042,897272941.5865495,32491247.410217088,0.0362111080188892,897.2729415865496,32.491247410217085,80080.0,27149.476914214953,0.3390294319956912,89.24820563339767,835.5935545176275,30.257768462525465,0.3390294319956912
E07000043,1080648042.5761218,49516630.62759021,0.0458212375136951,1080.6480425761215,49.51663062759021,96374.0,46528.80351938379,0.4827941511132027,89.18167266583593,939.660128923602,43.05638994955777,0.4827941511132027
E07000044,886508865.8979297,44308144.60851823,0.0499804867305407,886.5088658979297,44.30814460851823,89161.0,27543.37956920109,0.3089173469252373,100.57541828382094,621.6324292646161,31.069491382133975,0.30891734692523737
E07000045,657516629.3492885,72596428.15717435,0.1104100260232496,657.5166293492885,72.59642815717434,128095.0,69936.18211977652,0.545971209803478,194.81636552184128,963.3556897367143,106.36412677347627,0.545971209803478
E07000046,983632737.6933604,28609198.37884855,0.0290852441999213,983.6327376933604,28.60919837884855,66024.0,27583.79588561844,0.4177843797046292,67.1226134205615,964.1582934393501,28.04277941206291,0.4177843797046292
E07000047,1068965371.4792953,24550036.419527605,0.022966166233761,1068.9653714792953,24.550036419527604,54119.0,15695.810307137352,0.2900240268138242,50.62745851636619,639.3395935923166,14.68317938626636,0.2900240268138242
E07000061,33620349.937800065,20651884.02113941,0.6142673725688995,33.620349937800064,20.65188402113941,99344.0,84948.58801198976,0.8550953053228153,2954.877036788527,4113.357789780139,2526.7014819640613,0.8550953053228153
E07000062,29742830.60545505,22263855.505370345,0.7485452814059665,29.742830605455048,22.263855505370344,90974.0,82351.2507759217,0.9052174332877712,3058.6866867780473,3698.8764482439915,2768.776511836701,0.9052174332877712
E07000063,292078606.5356375,29291976.856475577,0.1002879916605654,292.0786065356375,29.29197685647558,100166.0,52210.69341662107,0.5212416729890489,342.9419264494416,1782.4230051949824,178.75562348059432,0.5212416729890489
E07000064,511799068.6397565,35120671.75655501,0.0686219923179962,511.7990686397565,35.12067175655501,93409.0,40160.49669167694,0.4299424754753497,182.51107851419016,1143.500243106292,78.46926489806683,0.4299424754753497
E07000065,795418135.243067,56906367.49485985,0.071542708134848,795.418135243067,56.90636749485985,150078.0,63220.98871532661,0.4212542059151015,188.67812204726584,1110.96510809686,79.48145247657358,0.42125420591510154
E07000066,108577777.20016836,66873449.18306917,0.6159036490476751,108.57777720016836,66.87344918306917,180994.0,155049.43210911957,0.8566550941419028,1666.952526264457,2318.549947747791,1428.0033733171613,0.8566550941419029
E07000067,611159829.6384826,77072230.07301441,0.1261081411692334,611.1598296384826,77.07223007301441,152862.0,90295.31388951476,0.5906982369033165,250.11787847774937,1171.567421936195,147.7441898348045,0.5906982369033165
E07000068,151959218.35843417,35001591.1418519,0.2303354249907486,151.95921835843416,35.001591141851904,71887.0,44352.22874856992,0.6169714795243914,473.0677136706269,1267.1489295678712,291.86928721858783,0.6169714795243914
E07000069,45061343.86066817,29303188.690523416,0.6502954901018992,45.06134386066817,29.303188690523417,89712.0,79036.37592925102,0.8810011584765809,1990.8860303277638,2697.193700111251,1753.9728991136012,0.8810011584765809
E07000070,295937195.95487076,76312449.58533329,0.257867042833543,295.9371959548708,76.31244958533328,162858.0,125040.96799931453,0.7677913765324057,550.3127090007138,1638.539565677191,422.5253523669352,0.7677913765324057
E07000071,311988203.947723,69685713.38394141,0.2233600902283408,311.988203947723,69.68571338394142,160214.0,118030.2019898452,0.7367034216101289,513.525825568859,1693.7503579757342,378.31623278174465,0.7367034216101289
E07000072,338970318.66705966,35990256.23818333,0.1061752438375979,338.97031866705964,35.99025623818333,134941.0,62958.33772777859,0.4665619621003148,398.09090226728824,1749.3161846673345,185.7340724561107,0.46656196210031486
E07000073,26067923.519418944,21194117.69358664,0.8130343668454594,26.067923519418944,21.19411769358664,84643.0,75929.18869055356,0.8970521920365956,3247.0173520705,3582.559547337505,2912.7440332557044,0.8970521920365956
E07000074,339646508.45455563,45723951.77987809,0.1346221752372169,339.64650845455566,45.723951779878085,63278.0,27501.45028644872,0.4346131402137982,186.3054629589002,601.4670477049928,80.97080229555307,0.43461314021379815
E07000075,169356581.89749572,47036659.8489917,0.2777374184220426,169.35658189749572,47.0366598489917,86181.0,63394.70355002967,0.7355995352807425,508.8730478285259,1347.7722217851876,374.3267774995587,0.7355995352807425
E07000076,337753635.5309579,84340675.65248024,0.2497106375180667,337.75363553095787,84.34067565248024,148925.0,101820.03145101458,0.6837000601041772,440.9278963522802,1207.2470449555892,301.4624292376623,0.6837000601041772
E07000077,610858759.0170933,46582938.441279754,0.0762581165509263,610.8587590170933,46.58293844127975,84807.0,24066.70698493427,0.2837820814901396,138.83242033962043,516.6420966610258,39.39815322229148,0.2837820814901396
E07000078,44695766.74068601,25294517.19021863,0.565926463169796,44.695766740686,25.29451719021863,113338.0,95150.9747342777,0.8395328551260627,2535.7658737025276,3761.7233022764512,2128.858763880718,0.8395328551260627
E07000079,1028595196.8052558,24865748.766713515,0.0241744748993041,1028.5951968052557,24.865748766713516,76445.0,21952.061573869156,0.287161509240227,74.31981039521942,882.8232674519434,21.341788919538722,0.28716150924022704
E07000080,526296082.2639344,31706035.90496319,0.0602437239672683,526.2960822639344,31.70603590496319,87114.0,24178.60388940434,0.2775512993250722,165.52279778573924,762.5867819578,45.94106759335311,0.2775512993250722
E07000081,32978908.21951403,27337970.893845014,0.8289531815874002,32.97890821951403,27.337970893845014,118544.0,109890.6059653634,0.9270026822560689,3594.5398559269474,4019.706012274109,3332.148087920623,0.9270026822560686
E07000082,413006910.58718985,55537782.89805744,0.1344718005301581,413.00691058718985,55.53778289805744,111454.0,46191.78492319376,0.4144470806179568,269.85989130676046,831.7182017867231,111.84264412796603,0.4144470806179568
E07000083,376541516.96809053,24501251.16589177,0.0650691890848468,376.54151696809055,24.50125116589177,78987.0,27017.8358569012,0.3420542096408421,209.76969720630737,1102.7124971688293,71.75260798450225,0.3420542096408422
E07000084,611822510.5689601,50960436.90164451,0.0832928439560914,611.8225105689601,50.96043690164451,168645.0,111647.9976721025,0.6620296935699398,275.6436664011753,2190.8759904784015,182.48429200206482,0.6620296935699398
E07000085,506632242.81105626,41282083.14535863,0.0814833318075146,506.63224281105624,41.28208314535863,119797.0,54773.718937605314,0.4572211235473786,236.45751272225516,1326.815770045838,108.11336963808807,0.4572211235473786
E07000086,69553998.81976455,36537207.23781484,0.5253070687207186,69.55399881976456,36.53720723781484,122441.0,92036.70146639718,0.7516820465889463,1760.3732650552797,2518.9856703427004,1323.2409786372182,0.7516820465889463
E07000087,74274609.12532245,39512608.39627188,0.5319800246892291,74.27460912532244,39.51260839627188,114952.0,93818.15172552304,0.8161506691969086,1547.6621331799026,2374.385178134052,1263.1254856854928,0.8161506691969086
E07000088,23607057.413667742,17096828.223845463,0.7242252994202886,23.607057413667743,17.096828223845463,73865.0,63354.892807510165,0.8577119448657708,3128.9371947405225,3705.6518307382407,2683.7268066637425,0.8577119448657708
E07000089,206723603.12428573,27849864.495954175,0.1347202935467913,206.72360312428572,27.849864495954176,92732.0,49959.51732096372,0.5387516425933196,448.57964256867155,1793.8872675025573,241.67301926779604,0.5387516425933196
E07000090,54291415.98676574,35746757.0851439,0.6584237385493437,54.29141598676574,35.746757085143905,122097.0,102017.2830281084,0.8355429128324889,2248.9190561867604,2853.8891733624155,1879.0683789307775,0.8355429128324889
E07000091,753055807.7911756,88198646.80078426,0.1171209967286275,753.0558077911757,88.19864680078426,176217.0,107489.78590324048,0.6099853357124482,234.00257746749287,1218.7237537332,142.7381407740868,0.6099853357124482
E07000092,31246057.84278583,19029207.551335517,0.6090114678491844,31.24605784278583,19.029207551335517,93326.0,79264.26648425481,0.8493267308601549,2986.8087830333243,4165.400281142651,2536.776539398091,0.8493267308601549
E07000093,580094842.207264,39934626.590579495,0.0688415474246039,580.0948422072639,39.9346265905795,111318.0,60977.64397323545,0.5477788315747268,191.8962071381887,1526.9366256605979,105.11668012977877,0.5477788315747268
E07000094,620614699.9076428,41683147.14188679,0.0671642923509383,620.6146999076428,41.68314714188679,121526.0,56260.78430210557,0.4629526545933016,195.8155358197042,1349.7249646385246,90.65332211834179,0.4629526545933016
E07000095,49702074.56522206,18254638.84750963,0.3672812253250071,49.70207456522206,18.25463884750963,93400.0,65447.93695979667,0.7007273764432191,1879.1972129339367,3585.2770085739244,1316.8049328386069,0.7007273764432191
E07000096,211624476.92388335,40100731.349845454,0.189490043556109,211.62447692388335,40.100731349845454,151121.0,103662.39385224988,0.6859562460032019,714.0998158467032,2585.0499570165416,489.84122894978236,0.6859562460032019
E07000098,100721583.00932585,28094036.884612206,0.2789276741412113,100.72158300932584,28.094036884612205,104735.0,65635.55263613602,0.6266821276186186,1039.84664329891,2336.280574618532,651.6533068196397,0.6266821276186186
E07000099,375365972.9405084,52794934.384002835,0.1406492281930154,375.3659729405084,52.79493438400283,133583.0,91016.25421238173,0.6813460860467404,355.8740259633803,1723.958089432917,242.47337471584524,0.6813460860467404
E07000102,84755658.09699897,27544241.77173247,0.3249841059603282,84.75565809699897,27.54424177173247,87529.0,50812.22621820761,0.580518756277435,1032.7216136983689,1844.7494993437838,599.5142667650027,0.580518756277435
E07000103,20003710.792815126,15742481.372621348,0.7869780530058296,20.003710792815127,15.742481372621349,89746.0,78283.28294960118,0.8722760117398122,4486.467582416493,4972.741024534298,3913.438049590216,0.8722760117398122
E07000105,559851284.0707151,40624886.41850626,0.0725637103537926,559.8512840707151,40.62488641850626,125595.0,70395.20943055052,0.5604937253119194,224.3363614115352,1732.8099998941213,125.73912293047248,0.5604937253119194
E07000106,287788011.5307138,50148038.944484524,0.1742533981097838,287.7880115307138,50.148038944484526,147300.0,96593.6937877398,0.6557616686200937,511.8350803305773,1926.1709095877527,335.64182633587905,0.6557616686200937
E07000107,63714493.80228034,21071965.30354415,0.3307248327034497,63.71449380228034,21.07196530354415,93941.0,55349.98887589615,0.5891994855909151,1474.4054985592284,2626.712225393931,868.718961303514,0.5891994855909151
E07000108,306566848.5819107,35864308.27482765,0.116986909839487,306.56684858191073,35.86430827482765,109470.0,54804.30227582132,0.5006330709401783,357.0836197924741,1528.1014722452412,178.76786915914136,0.5006330709401783
E07000109,97641847.35717562,24464488.05426675,0.2505533100451819,97.64184735717562,24.464488054266752,103849.0,80481.53532368065,0.7749861368302117,1063.5706186520467,3289.7289796196737,824.2524849952681,0.7749861368302117
E07000110,379634918.3828175,43297518.44657171,0.114050410934305,379.6349183828175,43.29751844657171,161101.0,100840.89661057104,0.6259482970966725,424.35769788054233,2329.0225451374713,265.6259783481897,0.6259482970966725
E07000111,366548704.6742425,43580761.999377966,0.1188948738425057,366.5487046742425,43.58076199937796,117880.0,51536.53000037665,0.4371948591820211,321.5943706710457,1182.552292250242,140.59940559925852,0.43719485918202117
E07000112,356805905.03967905,31730390.22031812,0.0889289940893481,356.80590503967903,31.73039022031812,110040.0,64815.50287490424,0.5890176560787371,308.40296768004123,2042.694792747948,181.65479315062444,0.5890176560787371
E07000113,340642270.9575265,39357580.681072384,0.115539332715345,340.6422709575265,39.357580681072385,134618.0,75381.03362435767,0.5599625133663974,395.1887697953524,1915.286263025041,221.29089678878015,0.5599625133663974
E07000114,78332330.36444387,33956226.19477105,0.4334892889920233,78.33233036444386,33.95622619477105,135351.0,113025.08546666637,0.83505172083447,1727.9072302620746,3328.552614132109,1442.8919060726685,0.8350517208344701
E07000115,219406380.0871718,47034730.94070177,0.2143726673855815,219.40638008717175,47.03473094070177,118171.0,65234.58405311292,0.5520354744659258,538.5941828722109,1386.94498189766,297.32309528644856,0.5520354744659258
E07000116,330887997.9806129,39804234.45899323,0.120295189616776,330.88799798061285,39.80423445899323,112805.0,63662.223539619954,0.5643563985605244,340.91596155932314,1599.3831913839592,192.3981042774178,0.5643563985605244
E07000117,110699715.63154615,20098890.142619945,0.1815622563071187,110.69971563154616,20.098890142619943,94734.0,65973.54928215659,0.696408356895693,855.7745560549896,3282.4473796321154,595.9685524553964,0.696408356895693
E07000118,194579404.40083036,31201195.35582021,0.1603519933258006,194.57940440083036,31.201195355820207,103090.0,52924.60245376092,0.5133825051291194,529.8094128587027,1696.2363733249877,271.9948836143887,0.5133825051291194
E07000119,165684360.74391124,24671458.01503308,0.1489063777912408,165.68436074391124,24.67145801503308,81750.0,40917.11826616605,0.5005152081488202,493.4080659933635,1658.4799423379839,246.95824085297514,0.5005152081488202
E07000120,72573160.02092466,17856718.665529102,0.2460512765377801,72.57316002092466,17.8567186655291,78550.0,47102.11886023602,0.5996450523263657,1082.356066310907,2637.7813159571538,649.0294600187631,0.5996450523263657
E07000121,575877800.9148638,32269873.775174875,0.0560359745138805,575.8778009148638,32.26987377517487,140112.0,81623.70622406481,0.5825604246892829,243.30161672738933,2529.408909149738,141.73789316829706,0.5825604246892829
E07000122,169341130.00247774,20944425.38233221,0.1236818567469447,169.34113000247774,20.94442538233221,95819.0,55683.369622902945,0.5811307738851683,565.8341833351295,2658.624842000916,328.82365685222607,0.5811307738851683
E07000123,126446804.37879989,32921216.583941024,0.2603562561005346,126.44680437879988,32.921216583941025,144145.0,112494.75064605533,0.780427698817547,1139.9655428869612,3417.0897165729375,889.660685366567,0.7804276988175471
E07000124,581373885.5489427,17817072.275160696,0.0306464956855389,581.3738855489427,17.817072275160697,59749.0,15040.398581457765,0.2517263649844811,102.77207402183885,844.1565678793381,25.87044061543352,0.25172636498448114
E07000125,138033594.88550162,19248449.152955055,0.1394475683178546,138.03359488550163,19.248449152955057,71008.0,26485.507601050405,0.3729932909115931,514.4254922788969,1375.9813785820922,191.8772572939221,0.3729932909115931
E07000126,104890681.41958123,29766470.718343116,0.2837856548883687,104.89068141958126,29.766470718343115,99527.0,61293.449241519775,0.6158474508577549,948.8640807077458,2059.143988600189,584.3555253143522,0.6158474508577549
E07000127,346745622.3932341,44042882.70474958,0.1270178478412103,346.7456223932341,44.04288270474958,117099.0,58419.33412900432,0.4988884117627334,337.70866144404107,1326.4194017596487,168.4789377463363,0.4988884117627334
E07000128,282070701.12544185,29227794.01106044,0.1036186810414681,282.0707011254419,29.22779401106044,112434.0,61167.73053922643,0.5440323259799209,398.6021928239849,2092.7932678080056,216.85247810272946,0.5440323259799209
E07000129,130464243.2319866,29918732.848824497,0.229325155365552,130.4642432319866,29.918732848824497,103271.0,57343.61882036466,0.5552732017736312,791.5655465564416,1916.6459726123621,439.5351354500896,0.5552732017736312
E07000130,272365291.75563353,45080070.9488165,0.1655132732156724,272.3652917556335,45.0800709488165,172178.0,94776.3067704474,0.5504553820490852,632.1583741091296,2102.3992370831793,347.9749793357695,0.5504553820490852
E07000131,536559841.0847731,32542665.895063058,0.0606505806123524,536.5598410847731,32.54266589506305,82229.0,29262.502168537376,0.3558659617475267,153.25224458423145,899.2042097256912,54.537257408934714,0.3558659617475267
E07000132,277158954.290521,29141671.714637928,0.1051442548166468,277.158954290521,29.141671714637926,107635.0,52095.81782765425,0.4840044393334348,388.35115493752306,1787.674308385212,187.96368301002772,0.4840044393334348
E07000133,481379616.3228061,19852729.52989437,0.0412413173651736,481.3796163228061,19.852729529894372,51756.0,13633.52067957138,0.2634191336187375,107.51597750514884,686.7328071458353,28.321765644577983,0.26341913361873753
E07000134,253169270.53373525,33859053.8502241,0.1337407726413317,253.16927053373524,33.8590538502241,98853.0,39333.973222639994,0.3979036875222805,390.4620801394918,1161.6973526972804,155.366301525124,0.3979036875222805
E07000135,23531159.74153141,13640897.51087569,0.5796950792357308,23.531159741531408,13.640897510875693,57788.0,44033.813419544735,0.7619888803825142,2455.8075604750943,3228.0730343760156,1871.298053441331,0.7619888803825142
E07000136,360001692.8278797,80844106.28318422,0.2245659059215495,360.0016928278797,80.84410628318422,61900.0,38540.86311659671,0.6226310681194945,171.94363591394273,476.7306472730877,107.05744968544764,0.6226310681194945
E07000137,1761848891.313445,154223201.1473544,0.0875348628975678,1761.8488913134452,154.2232011473544,140034.0,56092.5119420059,0.4005635198737871,79.48127713472958,363.70994457838833,31.83730013315123,0.4005635198737871
E07000138,32505502.25928562,30995916.875834793,0.953559081431526,32.50550225928562,30.99591687583479,92619.0,91069.8063268936,0.983273478734316,2849.3329917257984,2938.122678922718,2801.6735628466813,0.9832734787343158
E07000139,911583265.6992036,95586778.37295212,0.1048579783873446,911.5832656992036,95.58677837295214,111382.0,49794.88728077992,0.4470640433892363,122.18521795106413,520.9390684399319,54.62461757959783,0.44706404338923633
E07000140,749263764.235116,101172259.14741892,0.13502889633359,749.263764235116,101.17225914741891,89300.0,42529.57154401445,0.4762550004928829,119.18366303375377,420.36791411412753,56.761815496884,0.47625500049288294
E07000141,938720028.376344,123335856.95942882,0.131387264819263,938.720028376344,123.33585695942882,136412.0,83830.3355082716,0.6145378376409084,145.31702304886886,679.6915153056218,89.30280911686592,0.6145378376409084
E07000142,1113607867.5570395,71469726.94649042,0.0641785398870035,1113.6078675570395,71.46972694649043,92657.0,26307.63375306233,0.2839249463403988,83.20433314041225,368.0947847017651,23.623785822180214,0.2839249463403988
E07000143,1275472795.3316696,88288171.38025318,0.0692199564768412,1275.4727953316697,88.28817138025317,136100.0,52651.654580781695,0.3868600630476245,106.70552950885089,596.3613670738903,41.28010787332421,0.3868600630476245
E07000144,550377848.864202,83276278.60992678,0.1513074677365404,550.3778488642021,83.27627860992678,129071.0,70377.20215861674,0.545259602533619,234.51343520884765,845.10503271009,127.87070247076988,0.545259602533619
E07000145,173598352.9039834,52698980.708318844,0.3035684372965592,173.59835290398345,52.69898070831884,97971.0,72813.18968281698,0.7432116614387624,564.3544328683082,1381.6811768301052,419.43479569238576,0.7432116614387624
E07000146,1435335118.987329,189184267.08124608,0.1318049454643882,1435.335118987329,189.18426708124608,147943.0,72218.09374786484,0.488148095873849,103.07209657378002,381.7341413324314,50.31444768021619,0.488148095873849
E07000147,912290276.497811,102051119.23161574,0.1118625528087173,912.290276497811,102.05111923161574,98417.0,36488.902339123306,0.3707581245021013,107.87904084411903,357.55514112792736,39.99703085645116,0.3707581245021013
E07000148,37636332.11464208,35152078.98022295,0.9339932189233536,37.63633211464208,35.152078980222946,137163.0,133821.75200512214,0.9756403111999749,3644.43058856519,3806.93705428951,3555.653393574449,0.9756403111999747
E07000149,890356120.043465,85502564.6802845,0.0960318716920938,890.356120043465,85.5025646802845,121855.0,40308.78323791072,0.330793018242261,136.86096749023451,471.43361592293,45.27265251565064,0.33079301824226104
E07000170,105879881.79621308,31385463.416902505,0.2964251837503,105.87988179621308,31.385463416902503,119648.0,75065.746307488,0.6273882246881519,1130.0352623200542,2391.736113957192,708.970817061989,0.6273882246881519
E07000171,569709225.8550993,40562249.4239146,0.0711981614182798,569.7092258550994,40.562249423914594,116325.0,55856.044679639264,0.4801723161800065,204.1831073130388,1377.045047376189,98.04307556333266,0.48017231618000655
E07000172,80116039.29544722,29305620.10409224,0.3657896765967261,80.11603929544721,29.30562010409224,110796.0,79247.36814485888,0.7152547758480349,1382.9440518322808,2704.1696392492563,989.1573378036712,0.7152547758480349
E07000173,119986112.34146066,30614264.744669832,0.255148401321202,119.98611234146064,30.614264744669832,117291.0,86577.43943472543,0.7381422226319617,977.538130964767,2828.0097580915835,721.5621686978269,0.7381422226319617
E07000174,75998771.84638305,28219161.05204253,0.3713107510353214,75.99877184638305,28.21916105204253,107448.0,76659.28412319526,0.7134547327376523,1413.8123207725716,2716.5685039969176,1008.6910914579951,0.7134547327376523
E07000175,633792734.6739076,37388577.51305513,0.0589918051558162,633.7927346739076,37.38857751305513,113278.0,41333.7353632672,0.3648875806711559,178.73035426681344,1105.5177306179814,65.21648656091617,0.36488758067115595
E07000176,406815673.0536428,34393835.12543635,0.0845440267019928,406.8156730536428,34.393835125436354,116332.0,55864.0928377665,0.4802126056267106,285.9575176314813,1624.247270885228,137.32040464035967,0.4802126056267106
E07000177,512642921.41730535,45043685.885375075,0.0878656156235273,512.6429214173054,45.04368588537507,136566.0,81101.99813237743,0.593866688138903,266.39595378091946,1800.518686209689,158.2036828054789,0.593866688138903
E07000178,43106820.538289845,26215251.632123716,0.6081462586376067,43.106820538289846,26.215251632123717,150453.0,115008.13173733614,0.7644123529430197,3490.23653614999,4387.069533080779,2667.9799229261084,0.7644123529430197
E07000179,620236426.7944255,43951517.32204764,0.0708625218115658,620.2364267944255,43.95151732204764,136147.0,55435.7521481409,0.4071757155731738,219.5082296337382,1261.293250513842,89.37842047531791,0.40717571557317384
E07000180,544377049.8094275,42624803.66413003,0.0783001481768048,544.3770498094275,42.624803664130035,125399.0,51870.8360049668,0.4136463289577013,230.35320839462096,1216.9167138854777,95.28475901606332,0.41364632895770137
E07000181,625827869.6571991,33539349.731242094,0.0535919721018711,625.8278696571991,33.5393497312421,108144.0,44781.19187138997,0.4140885474126162,172.80150859890037,1335.1836642699138,71.55512568642737,0.41408854741261625
E07000192,77815490.81030977,25729047.060724866,0.3306417114741892,77.81549081030977,25.729047060724863,97022.0,72527.9926669901,0.7475417190636156,1246.8211533422027,2818.91484343792,932.0508283343099,0.7475417190636156
E07000193,389988787.4549374,35349271.86289206,0.0906417645840051,389.9887874549374,35.34927186289206,124486.0,73628.89606035357,0.5914632654302778,319.2040489481615,2082.897105941398,188.79746912944586,0.5914632654302778
E07000194,300746868.5273377,27516344.884004373,0.0914933712152788,300.74686852733765,27.516344884004372,93303.0,50866.0828830907,0.545170925726833,310.23764422510965,1848.5770220397203,169.13254369751488,0.545170925726833
E07000195,210935256.4707296,39731425.90849231,0.1883583928702105,210.9352564707296,39.73142590849231,123039.0,84366.35776187287,0.6856879344100072,583.3022039967675,2123.416309200223,399.9632833953482,0.6856879344100072
E07000196,407296113.3393212,32864887.07672208,0.0806904018977026,407.2961133393212,32.864887076722084,110787.0,42607.204111564584,0.384586676338962,272.0060328876809,1296.4354331143556,104.60989613241958,0.384586676338962
E07000197,558160727.3749824,37788325.17794196,0.0677015119921812,558.1607273749823,37.78832517794197,128990.0,69395.52355934148,0.5379914998010814,231.09830855824833,1836.4276064780308,124.3289256227451,0.5379914998010814
E07000198,575832110.4026023,26909295.9127752,0.0467311485876692,575.8321104026023,26.9092959127752,95975.0,33872.743060636516,0.3529329831793333,166.67184456403018,1258.774780671813,58.823991313985324,0.3529329831793333
E07000199,30858650.746164635,20132299.137259625,0.6524037393229783,30.858650746164635,20.132299137259626,78842.0,64759.51867096593,0.8213835096898345,2554.939963141426,3216.6976175668374,2098.5855539719205,0.8213835096898345
E07000200,585463490.9918244,61519049.44783242,0.1050775161805802,585.4634909918244,61.51904944783242,89563.0,34958.20530016302,0.3903197224318415,152.97794205454682,568.2500886137269,59.710307880925036,0.3903197224318415
E07000202,39529672.34869064,36346791.2602716,0.9194812175435484,39.52967234869064,36.3467912602716,139638.0,135492.94566670427,0.9703157139654268,3532.4856418807453,3727.7828652457447,3427.6263276741342,0.9703157139654268
E07000203,831981926.3519824,80003848.83880079,0.096160561070835,831.9819263519823,80.00384883880079,100599.0,34200.600727438534,0.3399695894336776,120.91488626573853,427.4869424888431,41.10738424018295,0.3399695894336776
E07000207,95912723.98502818,43336081.11180403,0.451828280036846,95.91272398502818,43.33608111180403,136873.0,94590.49010042191,0.6910821717973736,1427.0577908032897,2182.719057045909,986.2141973486994,0.6910821717973735
E07000208,32411604.068728164,17488244.514526434,0.5395673869594038,32.41160406872817,17.488244514526436,75000.0,57625.51609374373,0.7683402145832497,2313.986060084036,3295.100091142806,1777.9285459476168,0.7683402145832497
E07000209,270929227.5452577,45679874.00671985,0.168604452242382,270.9292275452577,45.67987400671985,144013.0,81561.27687134019,0.5663466275359876,531.5521005423573,1785.4969753056218,301.04273950183426,0.5663466275359876
E07000210,258314111.0860308,36425747.36169124,0.1410133856355983,258.3141110860308,36.42574736169123,87599.0,43629.88229073848,0.4980637026762689,339.1181365652355,1197.7758989407532,168.90243474235783,0.4980637026762689
E07000211,124788499.30167703,39328023.98364701,0.3151574400183405,124.78849930167704,39.328023983647,138859.0,87608.93651359424,0.6309201169070369,1112.7547873166375,2227.646539018155,702.0593805026779,0.6309201169070369
E07000212,78050885.25941777,26576478.48606556,0.3405019481551465,78.05088525941777,26.576478486065557,87830.0,45987.8354453887,0.5236005401957042,1125.291528828653,1730.3961271430603,589.2032523723326,0.5236005401957042
E07000213,50491207.506840825,17857276.988030393,0.3536710225361711,50.49120750684082,17.857276988030392,100351.0,63483.219392834064,0.6326117267673871,1987.494555094645,3555.0335829693645,1257.312362439203,0.6326117267673871
E07000214,95076289.52247114,29835549.717082348,0.3138064165832929,95.07628952247114,29.835549717082348,90653.0,54816.63294395629,0.6046863638705425,953.4764183090496,1837.2925407360945,576.5541884236076,0.6046863638705425
E07000215,247636336.31515113,36849420.80384728,0.1488045791347492,247.6363363151511,36.84942080384728,85642.0,37756.702056510694,0.4408666548715664,345.8377767752501,1024.6213165057045,152.46834377512405,0.44086665487156645
E07000216,345193797.88719857,50600677.86760891,0.1465862891434221,345.19379788719857,50.600677867608916,128880.0,64981.628742776506,0.5042025818030456,373.35549128873697,1284.204707944699,188.24680263812564,0.5042025818030456
E07000217,61623035.359021574,24674222.695634194,0.4004058312265837,61.62303535902157,24.674222695634192,94722.0,70165.28594712466,0.740749624660846,1537.1199981977643,2843.6675316033184,1138.6210617236743,0.740749624660846
E07000218,284256731.50441295,20951183.898935538,0.0737051460067543,284.2567315044129,20.951183898935536,65338.0,14786.4125953388,0.2263064770170314,229.85559446280223,705.7554678850416,52.01780980553225,0.22630647701703144
E07000219,72999954.4544201,29344535.766917706,0.4019801928128588,72.9999544544201,29.344535766917705,123361.0,87051.99111585628,0.705668656348897,1689.8777666638744,2966.548587011436,1192.4937729955711,0.705668656348897
E07000220,291326809.7565405,26554249.99455229,0.0911493522231732,291.32680975654046,26.55424999455229,98003.0,61589.688926385665,0.6284469753618325,336.40226960882984,2319.391017973433,211.4109888405248,0.6284469753618325
E07000221,931610064.5737416,43803855.538253956,0.0470195172894535,931.6100645737416,43.80385553825395,124526.0,35922.03803758295,0.2884701832354925,133.66751255202132,820.0656676491,38.55909183851409,0.28847018323549256
E07000222,281178503.83179915,39985407.32031566,0.1422064872506573,281.17850383179916,39.98540732031566,144292.0,89917.43507895223,0.6231629964166567,513.1686741114299,2248.7562614691,319.7877286264415,0.6231629964166567
E07000223,41962832.71971652,14827773.988082206,0.3533549340465587,41.96283271971651,14.827773988082203,64632.0,50577.207594506544,0.7825412735874883,1540.2201379420278,3410.9777796153276,1205.2858283502514,0.7825412735874883
E07000224,209750920.7758325,47635599.55002401,0.2271055563133079,209.7509207758325,47.63559955002401,146408.0,111794.71806373284,0.7635833975174365,698.0088547810043,2346.873328346226,532.9879728309342,0.7635833975174365
E07000225,711528407.418018,50640313.09242461,0.0711711754084243,711.528407418018,50.640313092424606,111708.0,44912.065245745645,0.4020487811593229,156.99724541619366,886.8836407819157,63.120551164951756,0.4020487811593229
E07000226,39274139.91956478,28297167.76295057,0.7205038180569823,39.27413991956478,28.29716776295057,114089.0,98540.1372510056,0.8637128667181376,2904.9394903022558,3482.3321569314094,2509.0336148116867,0.8637128667181375
E07000227,466897646.2206604,40658200.385828905,0.087081613529089,466.8976462206603,40.658200385828906,128368.0,64461.79577832911,0.502164057851872,274.9382033494597,1585.4561974365388,138.06408385246786,0.502164057851872
E07000228,296022548.0254933,40633877.10399213,0.1372661554838476,296.02254802549334,40.63387710399213,135933.0,84518.40385355974,0.6217651626430648,459.1981283408638,2079.998510534849,285.51339895324816,0.6217651626430648
E07000229,28836760.29829003,21776337.119857665,0.7551589323697006,28.83676029829003,21.776337119857665,102554.0,96501.04374976688,0.9409778628797208,3556.3634381661545,4431.46352936318,3346.4592676691636,0.9409778628797207
E07000234,206451032.33780915,26315446.554438844,0.1274658026963979,206.45103233780915,26.315446554438843,94041.0,44396.21897000293,0.4720942883423499,455.5123747026062,1687.0783050616426,215.04479036636073,0.4720942883423499
E07000235,577057231.3546368,25062949.080480974,0.043432345560675,577.0572313546368,25.062949080480976,79969.0,22778.10235378721,0.28483665362562,138.58070855861814,908.8356793385817,39.47286528290412,0.28483665362562005
E07000236,53133712.35974372,24569287.47447286,0.4624048722236009,53.13371235974372,24.569287474472866,82894.0,68435.8458628142,0.8255826219366202,1560.1017944833814,2785.4224887033474,1287.9929299776163,0.8255826219366202
E07000237,32506314.13183561,23718121.323419265,0.7296465919582843,32.50631413183561,23.718121323419265,100426.0,85394.7573651403,0.8503251883490361,3089.430551636923,3600.4014061949147,2627.0206157119337,0.8503251883490361
E07000238,638484917.2310922,41479911.396040216,0.0649661570330048,638.4849172310923,41.479911396040215,123901.0,41885.75467029512,0.3380582454564138,194.05470146001187,1009.7840921206415,65.6017918981398,0.3380582454564138
E07000239,193039325.88071197,24648733.80786458,0.1276876289088171,193.03932588071197,24.64873380786458,96271.0,55169.31763159487,0.5730626837946513,498.71185345669073,2238.221162256708,285.79315318209603,0.5730626837946513
E07000240,157943339.72026533,37983203.58665212,0.2404862633266111,157.94333972026533,37.98320358665213,144466.0,97330.10156614098,0.6737232398359543,914.6697813017304,2562.4510935234603,616.2342884386456,0.6737232398359543
E07000241,118495214.78542204,32022863.197753925,0.2702460454267522,118.49521478542204,32.02286319775393,112057.0,79044.28577412468,0.7053935566196193,945.6668794847055,2468.370341714754,667.0673234970934,0.7053935566196193
E07000242,433573911.4140197,40605656.756159306,0.0936533672511143,433.5739114140197,40.605656756159306,134161.0,70357.7645862963,0.5244278485274878,309.43051799970885,1732.7084501748395,162.27398082333343,0.5244278485274878
E07000243,24167835.24513885,20384540.230036546,0.8434574310554653,24.16783524513885,20.384540230036546,81704.0,76840.43564135733,0.9404733628874636,3380.691699163832,3769.5447027121672,3179.450491198342,0.9404733628874636
E07000244,1257860366.572212,144477265.06126493,0.1148595415681782,1257.860366572212,144.47726506126494,244589.0,146821.19951208512,0.6002771977156991,194.44845111586437,1016.2235521957468,116.72297133598917,0.6002771977156991
E07000245,905844970.240439,106814403.75504269,0.1179168701755785,905.844970240439,106.81440375504268,160558.0,92244.67051669212,0.5745255329332212,177.24666501971413,863.5976729153185,101.83273468108737,0.5745255329332212
E08000001,139810281.82355613,65185750.442786485,0.466244324756118,139.81028182355612,65.18575044278649,296169.0,233561.80326431655,0.7886098925421519,2118.3635147361497,3583.0193206000395,1670.56242372129,0.7886098925421517
E08000002,99476086.4124859,39600528.63466345,0.398090938866016,99.4760864124859,39.60052863466345,193866.0,132445.3684553168,0.683179972018388,1948.8703968119378,3344.5353640906624,1331.4292231614445,0.683179972018388
E08000003,107821042.88223173,98655239.80644892,0.9149905915323578,107.82104288223172,98.65523980644892,498661.0,479624.7291324126,0.961825226220644,4624.894980330193,4861.624482119604,4448.340660702809,0.961825226220644
E08000004,141908092.6459764,49740016.59520129,0.3505086684470465,141.90809264597638,49.74001659520129,238725.0,188720.55717296884,0.790535374062075,1682.2507832273984,3794.1394090965346,1329.8787521848901,0.790535374062075
E08000005,157720163.15151224,51095919.47110604,0.3239656772483888,157.72016315151222,51.09591947110603,220675.0,163579.57150740147,0.7412691582979561,1399.1552861127266,3201.421428572261,1037.1506612649168,0.7412691582979561
E08000006,87370511.50402455,43321063.89782688,0.4958316387541279,87.37051150402455,43.32106389782688,235867.0,181853.10606052156,0.7709985121298086,2699.6179367581617,4197.798708023971,2081.4014125594863,0.7709985121298086
E08000007,125029808.15309864,74892160.69492242,0.5989944462141155,125.02980815309864,74.89216069492242,292354.0,242234.78471839757,0.8285666853143708,2338.2744028689012,3234.447804292295,1937.416271340525,0.8285666853143708
E08000008,102715340.71914646,51836606.15491712,0.5046627484462466,102.71534071914644,51.83660615491712,228685.0,181532.94874197565,0.7938122252966991,2226.39576911195,3502.0222620179347,1767.3401798699128,0.7938122252966991
E08000009,105453656.42881703,69826138.85185938,0.6621500023471749,105.45365642881704,69.82613885185937,232746.0,207044.73858562644,0.8895737782201475,2207.0927446418837,2965.1466054121242,1963.3718317333555,0.8895737782201475
E08000010,188170534.9079806,77323177.78852299,0.4109207524245795,188.1705349079806,77.32317778852298,329796.0,217927.79157987115,0.6607957391231887,1752.6442179764078,2818.4019050005727,1158.1398314377034,0.6607957391231887
E08000011,85146181.97968546,36898169.9696666,0.4333508457075612,85.14618197968545,36.8981699696666,149509.0,117850.15796046716,0.7882479179211096,1755.90961947854,3193.9296192019797,1384.0921016116067,0.7882479179211095
E08000012,107567749.95223416,90226830.24745704,0.8387907182917054,107.56774995223417,90.22683024745704,459508.0,424007.9371900507,0.9227433193547244,4271.800797209629,4699.355347263803,3941.7756472393717,0.9227433193547244
E08000013,133164157.86596978,45451045.08045626,0.3413159051867613,133.16415786596977,45.451045080456254,177313.0,121396.93621191006,0.6846476920017712,1331.5369754259716,2670.9382808913715,911.6337170404106,0.6846476920017712
E08000014,153085492.24554932,63198138.91230473,0.4128290537873754,153.08549224554932,63.19813891230473,274408.0,211969.66918925673,0.7724616964128478,1792.5147313100658,3354.0492305222942,1384.6489701927935,0.7724616964128478
E08000015,153580748.23699552,89337841.3294349,0.5816994796221121,153.58074823699553,89.3378413294349,312995.0,267006.7115810678,0.8530702138406934,2037.9832992935226,2988.730280559117,1738.542848932087,0.8530702138406934
E08000016,327505053.61474437,75191246.04126023,0.2295880482189759,327.5050536147444,75.19124604126023,241949.0,144872.06337284792,0.5987710772635882,738.7641727343024,1926.7144913830957,442.3506195518619,0.5987710772635882
E08000017,560069325.7434909,91594093.4778781,0.1635406355388007,560.0693257434909,91.59409347787808,294531.0,182501.24035157092,0.6196333844368536,525.8831120754751,1992.500099317527,325.8547325535118,0.6196333844368536
E08000018,257744810.32269263,79067480.15656349,0.3067665263854282,257.7448103226927,79.06748015656349,252604.0,169082.88256599405,0.6693594819005005,980.0546505038978,2138.463022107051,656.0088730954652,0.6693594819005005
E08000019,365463990.2279589,149788988.40949637,0.4098597739166181,365.4639902279589,149.78898840949637,543883.0,497467.7851157676,0.9146595593459764,1488.1986038097814,3321.123871641215,1361.1950791799518,0.9146595593459763
E08000021,106467486.35270932,80883068.86632375,0.7596973652441781,106.46748635270932,80.88306886632375,279651.0,271223.8281612141,0.9698653970885645,2626.6328771354865,3353.283103160544,2547.480338388887,0.9698653970885645
E08000022,74636675.92322537,71351017.19030213,0.9559779600004826,74.63667592322537,71.35101719030213,202121.0,197748.90104208668,0.97836890299418,2708.065404840788,2771.4937898455673,2649.486979370572,0.9783689029941801
E08000023,64007639.53217957,47252999.14999642,0.7382399897162304,64.00763953217957,47.25299914999642,144919.0,134962.53578728458,0.9312963502872956,2264.089115911587,2856.168671090474,2108.537930373651,0.9312963502872955
E08000024,129588519.37950672,90773782.00154522,0.7004770363623761,129.58851937950672,90.7737820015452,262523.0,240806.28490043888,0.9172769048823868,2025.819889423906,2652.8175822435132,1858.2377980199399,0.917276904882387
E08000025,253847636.8911995,213851571.2289941,0.8424406618394169,253.8476368911995,213.8515712289941,1069690.0,1017880.143543344,0.9515655409916368,4213.905684134751,4759.750595675489,4009.807442011418,0.9515655409916368
E08000026,92865783.65224458,71126711.9472225,0.7659087033989979,92.8657836522446,71.1267119472225,315448.0,299672.5914010003,0.9499904624565706,3396.816217922213,4213.221491573568,3226.943009743902,0.9499904624565706
E08000027,96413381.06007317,77327499.33520295,0.8020411532608922,96.41338106007316,77.32749933520294,317414.0,279823.4940678879,0.881572627760237,3292.21936322538,3618.68024278007,2902.330475201733,0.881572627760237
E08000028,82477195.30445242,70100489.71726184,0.8499378459524017,82.47719530445242,70.10048971726184,328372.0,298478.8349209701,0.9089655479790302,3981.367198385725,4257.870895407902,3618.9256171864163,0.9089655479790302
E08000029,178287716.33185327,61138374.69846511,0.3429197252415644,178.28771633185326,61.13837469846511,216677.0,162521.7868945955,0.7500647825777332,1215.322089810671,2658.261487914164,911.5702990557573,0.7500647825777332
E08000030,102549251.44871555,63216081.52747254,0.6164460552799513,102.54925144871557,63.21608152747254,277930.0,222115.96895170075,0.7991795378393867,2710.2099339944143,3513.5991283352996,2165.9443224973706,0.7991795378393867
E08000031,66283625.88714781,56633660.46839238,0.8544140383149057,66.2836258871478,56.63366046839238,254821.0,229298.3079047691,0.8998407034929191,3844.403449410709,4048.7990006003943,3459.350704428337,0.899840703492919
E08000032,365676699.03975827,136630413.7297487,0.3736371885015663,365.67669903975826,136.6304137297487,540374.0,449856.6313753556,0.8324912586011829,1477.7370322445613,3292.5072763459525,1230.2031618548515,0.8324912586011829
E08000033,362991926.43088573,68994661.13663137,0.1900721644556137,362.9919264308857,68.99466113663136,204434.0,132891.88285730203,0.650047853377139,563.1915894386278,1926.1183498551266,366.10148375463905,0.650047853377139
E08000034,405591423.716023,156779303.27727684,0.386544917150533,405.59142371602303,156.77930327727685,424965.0,331379.2242488882,0.7797800389417674,1047.7662375266136,2113.6669019559126,817.0271975003719,0.7797800389417674
E08000035,544375192.4377291,254266470.82607073,0.4670794598252311,544.3751924377291,254.26647082607073,784529.0,678512.5571829721,0.8648661262782792,1441.154944050361,2668.5097526960367,1246.406093827626,0.8648661262782792
E08000036,322412916.69816595,109337057.32364435,0.3391212065675479,322.41291669816593,109.33705732364436,338155.0,223608.07325585096,0.6612591067878664,1048.8258456362385,2045.1261331641424,693.5456418614477,0.6612591067878664
E08000037,137546533.24382845,80004657.70711124,0.5816552102064773,137.54653324382843,80.00465770711124,189611.0,170229.20343962245,0.897781265009005,1378.5225663512508,2127.741163055955,1237.6117334622859,0.897781265009005
E09000001,2906360.9617462237,2873650.7140374,0.9887452907125582,2.906360961746224,2.8736507140374004,8689.0,8589.630539432346,0.9885637633136548,2989.649294896737,2989.1004141432873,2955.4589579511326,0.9885637633136548
E09000002,32311786.6287967,23799769.07618537,0.7365661747399228,32.3117866287967,23.79976907618537,198809.0,170703.87854713664,0.8586325495683628,6152.832162577439,7172.501464224168,5283.02196682009,0.8586325495683628
E09000003,82880810.75221953,52988594.58475767,0.6393348967491688,82.88081075221953,52.98859458475767,364992.0,299977.63723398116,0.8218745540559277,4403.817924648204,5661.173684351134,3619.385892963744,0.8218745540559277
E09000004,58832500.740501784,41763578.11964239,0.7098725635317298,58.832500740501786,41.76357811964239,240795.0,202858.73340061988,0.8424540933184654,4092.890782632169,4857.312101455471,3448.072593333888,0.8424540933184654
E09000005,39621993.124779515,31376757.449512113,0.7919025514617323,39.621993124779515,31.376757449512112,316454.0,269739.5814854664,0.8523816462596977,7986.826886860729,8596.795953804356,6807.824650213565,0.8523816462596977
E09000006,148865571.8982968,69406896.61394297,0.4662387396151001,148.8655718982968,69.40689661394296,324626.0,256861.40985183255,0.7912533495525084,2180.6653873051364,3700.805285684425,1725.458791958407,0.7912533495525083
E09000007,20190044.635500923,15886270.219735984,0.786836805293761,20.19004463550092,15.886270219735984,197571.0,180991.2263772459,0.916081947134174,9785.56529055926,11392.93389032217,8964.379705184117,0.9160819471341741
E09000008,84533845.27825095,59656821.8488185,0.7057152274624746,84.53384527825095,59.6568218488185,370490.0,322658.28967176407,0.8708960826790576,4382.741596345203,5408.573230559286,3816.9124876515975,0.8708960826790576
E09000009,54622653.671966754,38989519.74734287,0.7137976119119407,54.62265367196675,38.98951974734287,355897.0,286350.6044223278,0.8045884186220389,6515.556753015319,7344.2967822614055,5242.341504350742,0.8045884186220389
E09000010,79753753.58364032,47181735.57576911,0.5915926643664252,79.75375358364032,47.18173557576911,324306.0,277905.58671233605,0.8569239752343035,4066.341525353912,5890.109452757364,3484.5455445665957,0.8569239752343035
E09000011,42381281.80979579,30342135.867646933,0.715932472354666,42.38128180979579,30.34213586764693,251602.0,207527.8685216565,0.8248259891481645,5936.630258829171,6839.593278037434,4896.686925445695,0.8248259891481645
E09000012,17954976.479522094,14592862.52769852,0.8127475156729883,17.954976479522095,14.592862527698518,240022.0,215727.54313379244,0.8987823746731235,13367.993005936181,14783.086095981707,12014.916498489027,0.8987823746731235
E09000013,15105631.661676804,12333547.977448622,0.8164867417453984,15.105631661676805,12.33354797744862,177142.0,162284.1721603664,0.9161247595734856,11726.884645904063,13157.947125765942,10743.289376774861,0.9161247595734857
E09000014,28804968.54512505,24431195.826439824,0.8481590871438239,28.80496854512505,24.431195826439826,256599.0,235915.89532255247,0.9193952249328816,8908.150675395436,9656.338437074806,8190.111193941188,0.9193952249328815
E09000015,47691010.979426935,33601826.7386934,0.7045735883684378,47.691010979426935,33.601826738693404,242809.0,206423.85568425627,0.8501491117885097,5091.294879547501,6143.233142933675,4328.359819700696,0.8501491117885097
E09000016,111103628.77249771,49192681.79078229,0.4427639523053931,111.10362877249771,49.19268179078229,254846.0,202249.99659719868,0.7936165236935195,2293.768464771187,4111.383832606911,1820.3725551695309,0.7936165236935195
E09000017,109249211.23378631,44888857.97168175,0.4108849616829038,109.24921123378633,44.88885797168175,274672.0,191368.1893047377,0.6967153161033438,2514.178335001609,4263.15566828327,1751.6665534108251,0.6967153161033439
E09000018,53787236.58260634,31551905.085188285,0.5866058026002308,53.78723658260634,31.551905085188285,263396.0,203339.6032914414,0.7719919941511694,4896.998186465239,6444.606204995751,3780.4433953239595,0.7719919941511694
E09000019,14357896.055681337,13612589.073106913,0.9480907941049266,14.357896055681335,13.61258907310691,208508.0,199179.40486086745,0.9552602531359344,14522.183416803231,14632.000113363236,13872.464606821926,0.9552602531359345
E09000020,11675227.832704848,10450546.10963076,0.8951042548700002,11.675227832704849,10.45054610963076,140124.0,130684.62187407208,0.932635536197026,12001.821464030214,12505.051937299135,11193.325196446795,0.9326355361970261
E09000021,37106478.12818888,25876749.922853753,0.6973647521454164,37.10647812818888,25.876749922853755,165440.0,142699.9141729981,0.8625478371191858,4458.520677399434,5514.599576779494,3845.6873670420496,0.8625478371191858
E09000022,26312032.704634484,23810810.58482327,0.9049399889438926,26.312032704634483,23.81081058482327,311265.0,293803.92262267263,0.9439028564813668,11829.75878352322,12339.09788900424,11166.143107253107,0.9439028564813667
E09000023,34202530.535293184,28308320.798854016,0.8276674373448186,34.202530535293185,28.308320798854016,286755.0,251714.3857153179,0.8778029527482274,8384.02876957016,8891.886859128284,7359.525209854774,0.8778029527482273
E09000024,36455778.61138897,24726624.492903475,0.6782635136252104,36.455778611388965,24.726624492903476,209425.0,170760.7887536587,0.8153791990147247,5744.631111364457,6905.948234166251,4684.052714219419,0.8153791990147247
E09000025,27414365.4436127,20036553.165092543,0.7308778751893701,27.4143654436127,20.036553165092545,298938.0,256370.848996562,0.8576054198414453,10904.428943098148,12795.157275015164,9351.697361876895,0.8576054198414454
E09000026,55883315.17929123,33768312.033066094,0.6042646526020645,55.88331517929123,33.768312033066096,302919.0,249049.89609311617,0.8221666389137564,5420.562452820501,7375.25452410074,4456.605612857538,0.8221666389137564
E09000027,57392124.10576392,26450242.20713252,0.4608688495025768,57.39212410576392,26.45024220713252,195315.0,143313.80367273508,0.7337572827111849,3403.167299402749,5418.241638410758,2497.0987902213224,0.7337572827111849
E09000028,26549375.797619537,22857154.465818588,0.8609300135737278,26.549375797619536,22.85715446581859,277949.0,258229.5770351181,0.9290538085588296,10469.135022937955,11297.538257497621,9726.389765377136,0.9290538085588295
E09000029,43121855.42929598,33164892.547282968,0.7690970673017821,43.12185542929598,33.16489254728297,203361.0,182675.76639582115,0.8982831830873232,4715.961267794644,5508.106686472194,4236.268698951101,0.8982831830873232
E09000030,15228753.523763252,12322161.239748742,0.8091378733342157,15.228753523763253,12.322161239748745,229000.0,201427.46478487356,0.879595916091151,15037.34364356635,16346.764245797256,13226.78605774019,0.879595916091151
E09000031,38427539.13761553,25484138.137336973,0.6631738255752978,38.42753913761553,25.484138137336977,271342.0,226640.5400246392,0.835257866547159,7061.133918263105,8893.396308058253,5897.867651972222,0.835257866547159
E09000032,32671149.06599874,24635042.27212607,0.754030481828509,32.67114906599874,24.63504227212607,310777.0,270919.21018904157,0.8717479420582654,9512.276393223934,10997.310546350465,8292.307370082384,0.8717479420582654
E09000033,17420715.966555294,15358877.36971832,0.8816444398269658,17.420715966555292,15.35887736971832,189331.0,180276.32311327156,0.9521754129713124,10868.152627221647,11737.59766248969,10348.387716060026,0.9521754129713125
